rank,ticker,name,weight_added_sum_pct,largest_pct,adds_to
1,MRNA,"Moderna Inc",8.384,5.024,"SPY 0.1087; IYH 1.1078; IBB 5.024; XBI 2.1434"
2,SKHYV,"Sk Hynix American Depositary",7.611,4.5049,"SMH 4.5049; SOXX 3.1063"
3,NTRA,"Natera Inc",7.191,3.885,"IYH 0.8725; VHT 0.6066; IBB 3.885; XBI 1.8256"
4,EW,"Edwards Lifesciences Corp",5.965,4.4767,"IYH 0.7636; VHT 0.7236; IHI 4.4767"
5,FTNT,"Fortinet Inc",5.467,3.7801,"IGV 3.7801; QQQ 0.547; SPY 0.1655; IYW 0.518; VGT 0.4562"
6,HONA,"Honeywell Aerospace Inc",5.36,3.802,"QQQ 0.2095; IYJ 0.6274; VIS 0.7213; ITA 3.802"
7,MPWR,"Monolithic Power Systems Inc",5.272,3.138,"QQQ 0.2739; SPY 0.0988; IYW 0.302; VGT 0.2659; SMH 1.1928; SOXX 3.138"
8,BDXA,"Becton Dickinson & Co",5.256,4.486,"IYH 0.7704; IHI 4.486"
9,TER,"Teradyne",5.094,2.9823,"QQQ 0.2529; SPY 0.0914; IYW 0.2904; VGT 0.2489; SMH 1.2292; SOXX 2.9823"
10,IDXX,"Idexx Laboratories Inc",5.093,4.4848,"VHT 0.6081; IHI 4.4848"
11,LNG,"Cheniere Energy Inc",4.754,2.4998,"IYE 2.4998; VDE 2.2544"
12,DXCM,"Dexcom Inc",4.602,4.6017,"IHI 4.6017"
13,RMD,"Resmed Inc",4.462,4.4623,"IHI 4.4623"
14,GEHC,"Ge Healthcare Technologies I",4.18,4.18,"IHI 4.18"
15,ROKU,"Roku Inc",4.127,2.8736,"IYZ 2.8736; VOX 1.2526"
16,MSI,"Motorola Solutions Inc",3.943,3.4777,"SPY 0.113; VGT 0.3519; IYZ 3.4777"
17,BIIB,"Biogen Inc",3.922,2.3433,"IBB 2.3433; XBI 1.5785"
18,ALNY,"Alnylam Pharmaceuticals Inc",3.8,2.3501,"IBB 2.3501; XBI 1.45"
19,ARGX,"Argenx Se Adr",3.775,3.775,"IBB 3.775"
20,IFF,"International Flavors & Frag",3.655,2.27,"IYM 2.27; VAW 1.3851"
21,RSG,"Republic Services Inc",3.527,2.8912,"VIS 0.6359; IDU 2.8912"
22,AWK,"American Water Works Co Inc",3.516,1.7815,"IDU 1.7815; VPU 1.7336"
23,CRS,"Carpenter Technology",3.504,2.0003,"IYM 2.0003; ITA 1.5036"
24,COR,"Cencora Inc",3.501,2.6733,"VHT 0.8282; IYK 2.6733"
25,EQR,"Vivmark Residential",3.45,3.4496,"IYR 3.4496"
26,CNP,"Centerpoint Energy Inc",3.421,1.7758,"IDU 1.6451; VPU 1.7758"
27,PPL,"Ppl Corp",3.404,1.7602,"IDU 1.6435; VPU 1.7602"
28,CIEN,"Ciena Corp",3.377,3.3769,"IYZ 3.3769"
29,AXON,"Axon Enterprise",3.36,2.7363,"VIS 0.6244; ITA 2.7363"
30,FE,"Firstenergy Corp",3.35,1.7274,"IDU 1.623; VPU 1.7274"
31,FANG,"Diamondback Energy Inc",3.304,1.6853,"QQQ 0.2208; IYE 1.6853; VDE 1.3982"
32,RS,"Reliance Inc",3.295,2.0315,"IYM 2.0315; VAW 1.2636"
33,FTI,"Technipfmc Plc",3.201,1.201,"MDY 0.8049; IYE 1.1947; VDE 1.201"
34,CAH,"Cardinal Health Inc",3.188,2.4271,"VHT 0.7609; IYK 2.4271"
35,CF,"Cf Industries Holdings Inc",3.165,1.8766,"IYM 1.8766; VAW 1.2875"
36,IP,"International Paper Co",3.122,1.8923,"IYM 1.8923; VAW 1.2298"
37,MCHP,"Microchip Technology Inc",3.092,1.9746,"QQQ 0.1692; IYW 0.1898; SMH 0.7584; SOXX 1.9746"
38,ILMN,"Illumina Inc",2.912,2.9118,"IBB 2.9118"
39,VMRK,"Vivmark Residential",2.887,2.8874,"VNQ 2.8874"
40,UI,"Ubiquiti",2.878,2.878,"IYZ 2.878"
41,NRG,"Nrg Energy Inc",2.873,1.513,"IDU 1.3597; VPU 1.513"
42,STE,"Steris Plc",2.838,2.8377,"IHI 2.8377"
43,EIX,"Edison International",2.791,1.4238,"IDU 1.3667; VPU 1.4238"
44,IRDM,"Iridium Communications Inc",2.79,2.79,"IYZ 2.79"
45,CMS,"Cms Energy Corp",2.779,1.4413,"IDU 1.3376; VPU 1.4413"
46,SATS,"Echostar Corp",2.751,2.7512,"IYZ 2.7512"
47,RVMD,"Revolution Medicines Inc",2.72,2.7199,"IBB 2.7199"
48,GSAT,"Globalstar Inc",2.709,2.7093,"IYZ 2.7093"
49,TIGO,"Millicom International Cellu",2.658,2.6577,"IYZ 2.6577"
50,ATI,"Ati",2.653,1.9192,"MDY 0.7335; ITA 1.9192"
51,NI,"Nisource Inc",2.624,1.3448,"IDU 1.2786; VPU 1.3448"
52,VIAV,"Viavi Solutions Inc",2.609,2.6088,"IYZ 2.6088"
53,EQT,"Eqt Corp",2.605,1.3561,"IYE 1.3561; VDE 1.2485"
54,TWST,"Twist Bioscience Corp",2.533,2.1289,"IWM 0.4035; XBI 2.1289"
55,EVRG,"Evergy Inc",2.502,1.2802,"IDU 1.2219; VPU 1.2802"
56,ESS,"Essex Property Trust Inc",2.497,1.3708,"IYR 1.3708; VNQ 1.1261"
57,USFD,"Us Foods Holding Corp",2.414,0.9579,"MDY 0.5871; IYK 0.9579; VDC 0.8688"
58,ZBH,"Zimmer Biomet Holdings Inc",2.385,2.3849,"IHI 2.3849"
59,HAL,"Halliburton Co",2.36,1.1829,"IYE 1.1829; VDE 1.1769"
60,JLL,"Jones Lang Lasalle Inc",2.223,1.172,"IYR 1.172; VNQ 1.0512"
61,CI,"Cigna Group/The",2.2,1.0831,"SPY 0.1055; IYH 1.0831; VHT 1.0114"
62,WY,"Weyerhaeuser Co",2.184,1.1398,"IYR 1.1398; VNQ 1.0436"
63,ADSK,"Autodesk Inc",2.181,1.5309,"IGV 1.5309; QQQ 0.1842; IYW 0.2134; VGT 0.2525"
64,KIM,"Kimco Realty Corp",2.162,1.1719,"IYR 1.1719; VNQ 0.9903"
65,WPC,"Wp Carey Inc",2.145,1.1798,"IYR 1.1798; VNQ 0.9651"
66,ONC,"Beone Medicines Ag",2.138,2.1378,"IBB 2.1378"
67,HST,"Host Hotels & Resorts Inc",2.125,1.1948,"IYR 1.1948; VNQ 0.9301"
68,INVH,"Invitation Homes Inc",2.083,1.1184,"IYR 1.1184; VNQ 0.9648"
69,HSY,"Hershey Co/The",2.079,1.1214,"IYK 1.1214; VDC 0.9583"
70,CASY,"Casey S General Stores Inc",2.037,1.029,"IYK 1.029; VDC 1.0075"
71,TGTX,"Tg Therapeutics Inc",2.012,1.5359,"IJR 0.4762; XBI 1.5359"
72,HCA,"Hca Healthcare Inc",1.949,0.9644,"SPY 0.0937; IYH 0.9644; VHT 0.8913"
73,CHD,"Church + Dwight Co Inc",1.942,1.0512,"IYK 1.0512; VDC 0.891"
74,ON,"On Semiconductor Corp",1.86,1.4022,"SMH 0.4575; SOXX 1.4022"
75,INSM,"Insmed Inc",1.846,1.8458,"IBB 1.8458"
76,KHC,"Kraft Heinz Co/The",1.79,0.95,"IYK 0.95; VDC 0.8402"
77,ENTG,"Entegris Inc",1.776,1.119,"MDY 0.657; SOXX 1.119"
78,INCY,"Incyte Corp",1.765,1.7652,"IBB 1.7652"
79,PEN,"Penumbra Inc",1.756,1.7557,"IHI 1.7557"
80,KRYS,"Krystal Biotech Inc",1.75,1.4521,"IWM 0.2978; XBI 1.4521"
81,EXE,"Expand Energy Corp",1.727,0.8818,"IYE 0.8454; VDE 0.8818"
82,GIS,"General Mills Inc",1.707,0.8648,"IYK 0.8648; VDC 0.8422"
83,AJG,"Arthur J Gallagher + Co",1.667,0.9242,"IYF 0.9242; VFH 0.7429"
84,ALL,"Allstate Corp",1.666,0.9338,"IYF 0.9338; VFH 0.7322"
85,GRMN,"Garmin Ltd",1.624,0.8678,"IYC 0.8678; VCR 0.7563"
86,RBC,"Rbc Bearings Inc",1.624,1.6244,"IYM 1.6244"
87,AZO,"Autozone Inc",1.62,0.8431,"IYC 0.8431; VCR 0.7767"
88,TFC,"Truist Financial Corp",1.589,0.9203,"IYF 0.9203; VFH 0.6685"
89,TPL,"Texas Pacific Land Corp",1.574,0.8629,"IYE 0.8629; VDE 0.7106"
90,HALO,"Halozyme Therapeutics Inc",1.55,1.5501,"XBI 1.5501"
91,TWLO,"Twilio Inc",1.543,1.3312,"MDY 1.3312; IYW 0.2119"
92,STZ,"Constellation Brands Inc A",1.537,0.7992,"IYK 0.7992; VDC 0.7383"
93,CMG,"Chipotle Mexican Grill Inc",1.522,0.7993,"IYC 0.7232; VCR 0.7993"
94,CW,"Curtiss Wright",1.521,1.5213,"ITA 1.5213"
95,WDAY,"Workday Inc",1.498,1.3178,"IGV 1.3178; IYW 0.1797"
96,NXPI,"Nxp Semiconductors Nv",1.489,0.9948,"QQQ 0.2422; VGT 0.2522; SMH 0.9948"
97,CVNA,"Carvana Co",1.46,0.7965,"IYC 0.7965; VCR 0.6626"
98,EXEL,"Exelixis Inc",1.457,1.4573,"XBI 1.4573"
99,CRSP,"Crispr Therapeutics Ag",1.457,1.457,"XBI 1.457"
100,WWD,"Woodward",1.456,1.4564,"ITA 1.4564"
101,EBAY,"Ebay Inc.",1.442,0.7739,"IYC 0.7739; VCR 0.6678"
102,OVV,"Ovintiv Inc",1.441,0.7208,"IYE 0.7208; VDE 0.7199"
103,APO,"Apollo Global Management Inc",1.439,0.8091,"IYF 0.8091; VFH 0.6298"
104,AFL,"Aflac Inc",1.415,0.8288,"IYF 0.8288; VFH 0.5856"
105,MET,"Metlife Inc",1.413,0.8387,"IYF 0.8387; VFH 0.5744"
106,AMRZ,"",1.402,1.402,"VAW 1.402"
107,PR,"Permian Resources Corp Cl A",1.39,0.748,"IYE 0.748; VDE 0.6424"
108,YUM,"Yum! Brands Inc",1.362,0.6816,"IYC 0.6795; VCR 0.6816"
109,LBTYA,"Liberty Global Ltd Class A",1.359,1.3586,"IYZ 1.3586"
110,STT,"State Street Corp",1.357,0.7726,"IYF 0.7726; VFH 0.5843"
111,FTAI,"Ftai Aviation",1.357,1.3568,"ITA 1.3568"
112,ANTM,"Elevance Health Inc",1.351,1.3507,"IYH 1.3507"
113,HUM,"Humana Inc",1.35,0.7131,"IYH 0.7131; VHT 0.6372"
114,MLI,"Mueller Industries Inc",1.347,1.3467,"IYM 1.3467"
115,WAB,"Wabtec Corp",1.309,0.6983,"IYJ 0.6109; VIS 0.6983"
116,HEI-A,"Heico Class A",1.306,1.3059,"ITA 1.3059"
117,FWONK,"Liberty Media Corp-Liberty F",1.288,1.2878,"VOX 1.2878"
118,ROK,"Rockwell Automation Inc",1.287,0.6798,"IYJ 0.6068; VIS 0.6798"
119,FITB,"Fifth Third Bancorp",1.281,0.7432,"IYF 0.7432; VFH 0.5378"
120,DHI,"Dr Horton Inc",1.24,0.6229,"IYC 0.6229; VCR 0.6174"
121,ROP,"Roper Technologies Inc",1.236,1.2359,"IGV 1.2359"
122,NLY,"Annaly Capital Management In",1.219,1.2192,"IYR 1.2192"
123,CARR,"Carrier Global Corp",1.161,0.6264,"IYJ 0.5346; VIS 0.6264"
124,UBSI,"United Bankshares Inc",1.135,1.1348,"KRE 1.1348"
125,FIBK,"First Interstate Bancsys A",1.134,1.1343,"KRE 1.1343"
126,ONB,"Old National Bancorp",1.13,1.1295,"KRE 1.1295"
127,FULT,"Fulton Financial Corp",1.126,1.1262,"KRE 1.1262"
128,HWC,"Hancock Whitney Corp",1.125,1.1247,"KRE 1.1247"
129,NIC,"Nicolet Bankshares Inc",1.124,1.1235,"KRE 1.1235"
130,EBC,"Eastern Bankshares Inc",1.123,1.1228,"KRE 1.1228"
131,FHB,"First Hawaiian Inc",1.122,1.122,"KRE 1.122"
132,EWBC,"East West Bancorp Inc",1.12,1.1203,"KRE 1.1203"
133,COLB,"Columbia Banking System Inc",1.119,1.1185,"KRE 1.1185"
134,KEYS,"Keysight Technologies Inc",1.108,0.7618,"SPY 0.0922; VGT 0.2539; IYJ 0.7618"
135,OHI,"Omega Healthcare Investors I",1.102,1.1023,"IYR 1.1023"
136,LNT,"Alliant Energy Corp",1.1,1.1001,"VPU 1.1001"
137,MTCH,"Match Group Inc",1.092,0.5466,"IJR 0.5466; VOX 0.5447"
138,LYB,"Lyondellbasell Industries Nv",1.083,1.0832,"VAW 1.0832"
139,TEAM,"Atlassian Corp",1.056,1.0555,"IGV 1.0555"
140,RDDT,"Reddit Inc",1.047,1.0471,"VOX 1.0471"
141,DG,"Dollar General Corp",1.031,1.0312,"VDC 1.0312"
142,BALL,"Ball Corp",1.027,1.0265,"VAW 1.0265"
143,MTSI,"Macom Technology Solutions",1.005,1.0046,"SOXX 1.0046"
144,OKTA,"Okta, Inc.",0.993,0.993,"MDY 0.993"
145,TXT,"Textron Inc",0.99,0.9896,"ITA 0.9896"
146,TRMK,"Trustmark Corp",0.986,0.986,"KBE 0.986"
147,EQH,"Equitable Holdings Inc",0.981,0.9807,"KBE 0.9807"
148,CVBF,"Cvb Financial Corp",0.981,0.9807,"KBE 0.9807"
149,CRBG,"Corebridge Financial Inc",0.979,0.9788,"KBE 0.9788"
150,SYBT,"Stock Yards Bancorp Inc",0.978,0.978,"KBE 0.978"
151,SFNC,"Simmons First Natl Corp Cl A",0.977,0.9769,"KBE 0.9769"
152,NBTB,"N B T Bancorp Inc",0.971,0.9706,"KBE 0.9706"
153,TBBK,"Bancorp Inc/The",0.97,0.9702,"KBE 0.9702"
154,CBC,"Central Bancompany",0.97,0.9695,"KBE 0.9695"
155,CATY,"Cathay General Bancorp",0.968,0.9677,"KBE 0.9677"
156,BWXT,"Bwx Technologies Inc",0.962,0.9617,"ITA 0.9617"
157,NET,"Cloudflare Inc",0.96,0.5486,"IYW 0.5486; VGT 0.4109"
158,EL,"Estee Lauder Companies Cl A",0.948,0.9484,"VDC 0.9484"
159,MAA,"Mid-America Apartment Commun",0.929,0.9287,"VNQ 0.9287"
160,SUI,"Sun Communities Inc",0.927,0.9266,"VNQ 0.9266"
161,VSAT,"Viasat Inc",0.907,0.5925,"IWM 0.3139; IJR 0.5925"
162,ASX,"Ase Technology Holding Adr R",0.875,0.8751,"SOXX 0.8751"
163,DLTR,"Dollar Tree Inc",0.867,0.8674,"VDC 0.8674"
164,AVY,"Avery Dennison Corp",0.858,0.8584,"VAW 0.8584"
165,AA,"Alcoa Corp",0.85,0.8496,"VAW 0.8496"
166,CCK,"Crown Holdings Inc",0.838,0.8383,"VAW 0.8383"
167,HPE,"Hewlett Packard Enterprise C",0.835,0.4024,"SPY 0.1262; IYW 0.4024; VGT 0.307"
168,ZM,"Zoom Communications, Inc. (C",0.821,0.8208,"IGV 0.8208"
169,NVT,"Nvent Electric Plc",0.763,0.7626,"MDY 0.7626"
170,A,"Agilent Technologies Inc",0.763,0.763,"IYH 0.763"
171,NU,"Nu Holdings Class A",0.75,0.7504,"IYF 0.7504"
172,PYPL,"Paypal Holdings Inc",0.747,0.5589,"QQQ 0.1877; IYJ 0.5589"
173,BDX,"Becton Dickinson & Co",0.718,0.7178,"VHT 0.7178"
174,CRH-L,"Crh Public Limited Plc",0.7,0.7003,"IYJ 0.7003"
175,ECHO,"Echostar Corp",0.684,0.6836,"VOX 0.6836"
176,TKO,"Tko Group Holdings Inc",0.683,0.6831,"VOX 0.6831"
177,BG,"Bunge Global Sa",0.682,0.6815,"IYK 0.6815"
178,NWSA,"News Corp",0.672,0.6717,"VOX 0.6717"
179,ACN,"Accenture Plc",0.648,0.4845,"SPY 0.163; VGT 0.4845"
180,CRCL,"Circle Internet Group, Inc. ",0.644,0.6443,"IGV 0.6443"
181,UAL,"United Airlines Holdings Inc",0.643,0.6433,"IYC 0.6433"
182,NTNX,"Nutanix, Inc. (Class A)",0.637,0.6365,"IGV 0.6365"
183,FICO,"Fair Isaac Corp",0.635,0.6351,"IGV 0.6351"
184,RBRK,"Rubrik Inc",0.629,0.6288,"IGV 0.6288"
185,DINO,"Hf Sinclair Corp",0.628,0.6277,"VDE 0.6277"
186,FERG,"Ferguson Enterprises Inc",0.627,0.6266,"VIS 0.6266"
187,EXPE,"Expedia Group Inc",0.624,0.624,"VCR 0.624"
188,IQV,"Iqvia Holdings Inc",0.604,0.6037,"VHT 0.6037"
189,SNX,"Td Synnex Corp",0.6,0.6002,"MDY 0.6002"
190,XPO,"Xpo Inc",0.597,0.5965,"MDY 0.5965"
191,NYT,"New York Times Co/The",0.59,0.5898,"VOX 0.5898"
192,FORM,"Formfactor Inc",0.588,0.5876,"IJR 0.5876"
193,PAYX,"Paychex Inc",0.587,0.5867,"VIS 0.5867"
194,PINS,"Pinterest Inc",0.585,0.5851,"VOX 0.5851"
195,QRVO,"Qorvo Inc",0.556,0.5564,"IJR 0.5564"
196,AMP,"Ameriprise Financial Inc",0.549,0.5485,"VFH 0.5485"
197,WCN,"Waste Connections Inc",0.547,0.5467,"VIS 0.5467"
198,ODFL,"Old Dominion Freight Line In",0.539,0.5389,"VIS 0.5389"
199,GKOS,"Glaukos Corp",0.533,0.5329,"IJR 0.5329"
200,PTGX,"Protagonist Therapeutics Inc",0.518,0.5182,"IJR 0.5182"
201,CCL,"Carnival Corp Ltd",0.508,0.5082,"VCR 0.5082"
202,PAYC,"Paycom Software, Inc.",0.496,0.4957,"IJR 0.4957"
203,NDAQ,"Nasdaq Inc",0.492,0.492,"VFH 0.492"
204,SM,"Sm Energy Co",0.487,0.4869,"IJR 0.4869"
205,RHP,"Ryman Hospitality Properties",0.486,0.486,"IJR 0.486"
206,FOX,"Fox Corp",0.482,0.4819,"VOX 0.4819"
207,WSM,"Williams Sonoma Inc",0.48,0.4801,"VCR 0.4801"
208,MOG-A,"Moog Inc Class A",0.363,0.363,"IWM 0.363"
209,HUT,"Hut 8 Corp",0.347,0.3471,"IWM 0.3471"
210,FROG,"Jfrog Ltd",0.341,0.3405,"IWM 0.3405"
211,UMBF,"Umb Financial Corp",0.333,0.3326,"IWM 0.3326"
212,TXG,"10X Genomics Inc",0.326,0.3263,"IWM 0.3263"
213,BTSG,"Brightspring Health Services",0.312,0.3119,"IWM 0.3119"
214,EAT,"Brinker International Inc",0.297,0.2974,"IWM 0.2974"
215,FLEX,"Flex Ltd",0.197,0.1969,"IYW 0.1969"
216,CCEP,"Coca-Cola Europacific Partne",0.182,0.182,"QQQ 0.182"
